town,building_type,carla_name,x,y,z
Town01,bus_stop,bus_stop_01_manual,109.64,129.42,0.0
Town01,bus_stop,bus_stop_02_manual,125.39,59.5,-0.02
Town01,playground,playground_01_manual,334.88,28.79,-0.02
Town01,playground,playground_02_manual,88.38,92.15,-0.01
Town01,bus_stop,bus_stop_03_manual,88.4,186.33,-0.02
Town01,restaurant,restaurant_01_manual,88.4,198.33,0.0
Town01,cafe,cafe_01_manual,2.01,317.6,-0.02
Town01,bus_stop,bus_stop_04_manual,2.01,281.6,-0.02
Town01,store,store_01_manual,1.99,191.6,-0.01
Town01,lake,lake_01_manual,43.38,-2.03,-0.02
Town01,bus_stop,bus_stop_05_manual,293.62,330.61,-0.02
Town01,bus_stop,bus_stop_06_manual,149.42,133.44,-0.01
Town01,river,river_01_manual,227.42,133.47,0.0
Town01,store,store_02_manual,163.67,195.15,0.0
Town01,restaurant,restaurant_02_manual,221.42,199.15,-0.02
Town01,store,store_03_manual,239.42,199.15,-0.01
Town01,store,store_04_manual,313.72,326.61,-0.02
Town01,bus_stop,bus_stop_07_manual,301.72,326.61,-0.02
Town01,atm,atm_01_manual,193.72,326.6,0.0
Town01,supermarket,supermarket_01_manual,157.72,326.6,-0.02
Town01,bakery,bakery_01_manual,92.41,245.3,-0.02
Town01,park,park_01_manual,338.71,311.45,0.0
Town02,playground,playground_01_manual,166.8,109.43,0.24
Town02,bus_stop,bus_stop_01_manual,-7.45,223.24,0.23
Town02,store,store_01_manual,193.68,169.09,0.24
Town02,gas_station,gas_station_01_manual,175.5,105.42,0.23
Town02,park,park_01_manual,15.4,191.56,0.24
Town02,park,park_02_manual,41.85,239.59,0.24
Town02,park,park_03_manual,-3.44,246.7,0.24
Town02,bus_stop,bus_stop_02_manual,58.7,191.58,0.24
Town02,bus_stop,bus_stop_03_manual,114.82,302.55,0.24
Town02,parking,parking_01_manual,189.69,211.09,0.24
Town03,gas_station,gas_station_01_manual,-27.9,173.17,-0.01
Town03,bus_stop,bus_stop_01_manual,-88.39,-153.66,-0.02
Town03,bus_stop,bus_stop_02_manual,5.68,161.19,-0.01
Town03,park,park_01_manual,5.06,64.25,0.0
Town03,bus_stop,bus_stop_03_manual,4.99,52.25,-0.02
Town03,cafe,cafe_01_manual,-9.73,97.63,-0.01
Town03,store,store_01_manual,-36.99,131.31,-0.01
Town03,cafe,cafe_02_manual,-74.1,96.36,0.41
Town03,library,library_01_manual,-74.27,36.36,0.22
Town03,hotel,hotel_01_manual,-16.97,-16.0,-0.01
Town03,store,store_02_manual,-88.4,-11.83,-0.08
Town03,park,park_02_manual,-105.41,21.26,-0.01
Town03,bus_stop,bus_stop_04_manual,-145.53,32.54,-0.01
Town03,bus_stop,bus_stop_05_manual,229.38,92.0,0.2
Town03,bus_stop,bus_stop_06_manual,159.78,-6.11,-0.01
Town03,park,park_03_manual,80.75,-24.17,1.17
Town03,playground,playground_01_manual,114.53,-132.32,7.99
Town03,bus_stop,bus_stop_07_manual,80.68,-105.23,7.98
Town03,restaurant,restaurant_01_manual,-73.62,-168.43,0.0
Town03,bus_stop,bus_stop_08_manual,-3.67,-154.42,-0.03
Town03,bus_stop,bus_stop_09_manual,153.51,-105.43,7.99
Town04,warehouse,warehouse_01_manual,330.25,-121.16,0.02
Town04,gas_station,gas_station_01_manual,321.81,-172.33,0.16
Town04,parking,parking_01_manual,283.99,-246.41,0.01
Town04,bus_stop,bus_stop_01_manual,240.1,-172.79,0.2
Town04,restaurant,restaurant_01_manual,228.92,-172.85,0.18
Town04,store,store_01_manual,202.75,-198.38,0.0
Town04,store,store_02_manual,255.08,-220.3,-0.01
Town04,bus_stop,bus_stop_02_manual,246.92,-172.75,0.2
Town04,bus_stop,bus_stop_03_manual,200.15,-237.58,0.0
Town04,park,park_01_manual,164.81,-307.75,0.04
Town04,bus_stop,bus_stop_04_manual,201.0,-274.48,0.0
Town04,bus_stop,bus_stop_05_manual,280.3,-249.88,0.01
Town04,church,church_01_manual,258.72,-263.06,-0.0
Town04,playground,playground_01_manual,258.81,-293.06,0.0
Town04,bus_stop,bus_stop_06_manual,255.33,-300.1,0.02
Town05,warehouse,warehouse_01_manual,57.55,-149.46,0.04
Town05,park,park_01_manual,138.12,1.51,0.02
Town05,store,store_01_manual,35.1,39.22,-0.02
Town05,sports_facility,sports_facility_01_manual,24.6,42.2,-0.02
Town05,hotel,hotel_01_manual,-120.65,63.86,0.0
Town05,bakery,bakery_01_manual,-56.03,120.56,0.06
Town05,restaurant,restaurant_01_manual,-85.69,94.97,-0.02
Town05,cinema,cinema_01_manual,-184.56,49.19,0.06
Town05,shopping_mall,shopping_mall_01_manual,-131.32,45.39,0.0
Town05,bus_stop,bus_stop_01_manual,-130.59,127.26,-0.02
Town05,bus_stop,bus_stop_02_manual,-167.99,94.87,-0.03
Town05,bus_stop,bus_stop_03_manual,-87.26,-84.53,0.0
Town05,hotel,hotel_02_manual,-184.6,-111.48,0.05
Town05,cafe,cafe_01_manual,-163.64,-135.33,0.06
Town05,bus_stop,bus_stop_04_manual,-109.0,-135.19,0.06
Town05,restaurant,restaurant_02_manual,-97.0,-135.09,0.04
Town05,bus_stop,bus_stop_05_manual,-77.77,-95.01,0.0
Town05,store,store_02_manual,-29.61,-84.44,-0.01
Town05,bus_stop,bus_stop_06_manual,-5.61,-84.4,-0.02
Town05,parking,parking_01_manual,24.74,-30.28,-0.01
Town06,farm,farm_01_manual,425.75,-24.49,-0.02
Town06,apartment,apartment_01_manual,329.75,-24.14,-0.02
Town06,house,house_01_manual,154.42,-23.5,-0.02
Town06,house,house_02_manual,9.7,-34.83,-0.02
Town06,farm,farm_02_manual,-147.18,250.5,-0.02
Town06,warehouse,warehouse_01_manual,-122.23,250.41,-0.03
Town06,house,house_03_manual,170.52,251.58,-0.02
Town06,fire_station,fire_station_01_manual,615.29,-23.82,-0.01
Town06,farm,farm_03_manual,589.0,-24.05,-0.02
Town06,pharmacy,pharmacy_01_manual,593.21,152.36,-0.02
Town06,woods,woods_01_manual,170.23,52.24,-0.02
Town06,factory,factory_01_manual,141.56,52.27,-0.02
Town06,post_office,post_office_01_manual,319.06,151.24,-0.02
Town06,gym,gym_01_manual,379.06,151.48,-0.02
Town06,university,university_01_manual,92.26,150.31,-0.01
Town06,research_institute,research_institute_01_manual,9.48,110.12,-0.02
Town07,farm,farm_01_manual,-102.34,-86.34,-0.02
Town07,farm,farm_02_manual,-201.33,17.84,-0.01
Town07,woods,woods_01_manual,-4.02,-174.59,0.0
Town07,bus_stop,bus_stop_01_manual,-4.76,-86.12,-0.01
Town07,farm,farm_03_manual,-99.37,19.67,0.0
Town07,farm,farm_04_manual,-58.34,-62.19,-0.03
Town07,parking,parking_01_manual,-39.88,-65.86,-0.02
Town07,house,house_01_manual,-76.59,-135.68,0.18
Town07,lake,lake_01_manual,-138.52,52.03,0.0
Town07,parking,parking_02_manual,-152.79,-159.12,0.12
Town10HD,store,store_01_manual,-32.42,65.46,-0.01
Town10HD,store,store_02_manual,-29.77,28.1,-0.01
Town10HD,cafe,cafe_01_manual,-10.73,28.15,0.0
Town10HD,bus_stop,bus_stop_01_manual,13.27,28.22,-0.01
Town10HD,store,store_03_manual,3.14,66.25,-0.02
Town10HD,bus_stop,bus_stop_02_manual,-9.02,69.74,0.0
Town10HD,bus_stop,bus_stop_03_manual,61.32,130.69,-0.0
Town10HD,train_station,train_station_01_manual,31.32,130.53,0.0
Town10HD,sports_facility,sports_facility_01_manual,-24.15,130.06,-0.02
Town10HD,bus_stop,bus_stop_04_manual,-41.5,108.95,-0.02
Town10HD,hotel,hotel_01_manual,-52.11,69.74,-0.0
Town10HD,bus_stop,bus_stop_05_manual,-103.79,48.69,-0.01
Town10HD,library,library_01_manual,-52.35,-11.17,0.0
Town10HD,parking,parking_01_manual,55.41,-57.42,0.0
Town10HD,bus_stop,bus_stop_06_manual,27.45,13.26,-0.01
Town10HD,museum,museum_01_manual,106.16,30.19,0.0
Town10HD,store,store_04_manual,105.69,-42.36,-0.02
Town10HD,shopping_mall,shopping_mall_01_manual,74.87,-66.89,-0.01
Town10HD,bus_stop,bus_stop_07_manual,55.81,-67.92,-0.01
Town10HD,museum,museum_02_manual,-113.72,-2.33,-0.01
Town10HD,theater,theater_01_manual,-98.28,-57.86,-0.01
Town10HD,bus_stop,bus_stop_08_manual,-113.95,86.53,-0.01
Town10HD,beach,beach_01_manual,-114.5,67.82,0.0
Town10HD,sports_facility,sports_facility_02_manual,-89.89,131.44,-0.02
Town10HD,parking,parking_02_manual,-41.77,140.45,-0.01
Town10HD,supermarket,supermarket_01_manual,87.1,134.77,0.0
Town10HD,restaurant,restaurant_01_manual,101.13,120.26,-0.01
Town10HD,bus_stop,bus_stop_09_manual,109.5,53.29,-0.01
