town,building_type,carla_name,x,y,z,scenario,veh
Town05,house,covlm_r1_town05_ins_c_veh0,30.0,-190.0,0.0,r1_town05_ins_c,0
Town05,supermarket,covlm_r1_town05_ins_c_veh1,25.0,-190.0,0.0,r1_town05_ins_c,1
Town05,bakery,covlm_r2_town05_ins_c_veh0,27.0,-120.0,0.0,r2_town05_ins_c,0
Town05,bus_stop,covlm_r2_town05_ins_c_veh1,27.0,-110.0,0.0,r2_town05_ins_c,1
Town05,supermarket,covlm_r3_town05_ins_c_veh0,-120.69560241699219,-88.05902862548828,0.0,r3_town05_ins_c,0
Town05,bakery,covlm_r3_town05_ins_c_veh1,-120.69560241699219,-88.05902862548828,0.0,r3_town05_ins_c,1
Town06,house,covlm_r4_town06_ins_c_veh0,40.0,-15.0,0.0,r4_town06_ins_c,0
Town06,factory,covlm_r4_town06_ins_c_veh1_stop,50.0,-20.0,0.0,r4_town06_ins_c,1
Town06,hospital,covlm_r4_town06_ins_c_veh1,40.0,-15.0,0.0,r4_town06_ins_c,1
Town06,factory,covlm_r5_town06_ins_c_veh0,150.0,-16.3,0.0,r5_town06_ins_c,0
Town06,farm,covlm_r5_town06_ins_c_veh1_stop,160.0,-20.0,0.0,r5_town06_ins_c,1
Town06,parking,covlm_r5_town06_ins_c_veh1,150.0,-16.3,0.0,r5_town06_ins_c,1
Town07,bus_stop,covlm_r6_town07_ins_c_veh0_stop,-3.2,-3.5,0.0,r6_town07_ins_c,0
Town07,house,covlm_r6_town07_ins_c_veh0,-15.348737716674806,-3.197587728500366,0.0,r6_town07_ins_c,0
Town07,farm,covlm_r6_town07_ins_c_veh1_stop,10.0,-5.5,0.0,r6_town07_ins_c,1
Town07,bus_stop,covlm_r6_town07_ins_c_veh1_stop,-3.2,-3.5,0.0,r6_town07_ins_c,1
Town07,hospital,covlm_r6_town07_ins_c_veh1,-15.348737716674806,-3.197587728500366,0.0,r6_town07_ins_c,1
Town05,bakery,covlm_r7_town05_ins_ss_veh0,26.66,-75.0,0.0,r7_town05_ins_ss,0
Town05,hospital,covlm_r7_town05_ins_ss_veh1,5.97972297668457,-91.39784240722656,0.0,r7_town05_ins_ss,1
Town05,factory,covlm_r8_town05_ins_ss_veh0,-90.89604949951172,-88.0,0.0,r8_town05_ins_ss,0
Town05,bakery,covlm_r8_town05_ins_ss_veh1_stop,-124.71266174316406,-60.05902862548828,0.0,r8_town05_ins_ss,1
Town05,hospital,covlm_r8_town05_ins_ss_veh1,-124.45105743408203,-107.29784393310547,0.0,r8_town05_ins_ss,1
Town06,factory,covlm_r9_town06_ins_ss_veh0,6.0,-15.0,0.0,r9_town06_ins_ss,0
Town06,farm,covlm_r9_town06_ins_ss_veh1,-2.0,-12.5,0.0,r9_town06_ins_ss,1
Town06,house,covlm_r9_town06_ins_ss_veh2_stop,6.0,-5.0,0.0,r9_town06_ins_ss,2
Town06,factory,covlm_r9_town06_ins_ss_veh2,6.0,-15.0,0.0,r9_town06_ins_ss,2
Town07,lake,covlm_r10_town07_ins_ss_veh0_stop,5.0,-3.5,0.0,r10_town07_ins_ss,0
Town07,house,covlm_r10_town07_ins_ss_veh0,-13.223197937011719,-3.2129967212677,0.0,r10_town07_ins_ss,0
Town07,bus_stop,covlm_r10_town07_ins_ss_veh1,-1.8360180854797363,-17.12346649169922,0.0,r10_town07_ins_ss,1
Town07,farm,covlm_r10_town07_ins_ss_veh2,-6.0,9.0,0.0,r10_town07_ins_ss,2
Town05,cafe,covlm_r11_town05_ins_sl_veh0_stop,30.0,-85.0,0.0,r11_town05_ins_sl,0
Town05,bakery,covlm_r11_town05_ins_sl_veh0,60.0,-80.0,0.0,r11_town05_ins_sl,0
Town05,bus_stop,covlm_r11_town05_ins_sl_veh1,5.54352855682373,-91.39372253417969,0.0,r11_town05_ins_sl,1
Town05,bus_stop,covlm_r11_town05_ins_sl_veh2,5.54352855682373,-91.39372253417969,0.0,r11_town05_ins_sl,2
Town06,farm,covlm_r12_town06_ins_sl_veh0_stop,144.0,-3.0,0.0,r12_town06_ins_sl,0
Town06,library,covlm_r12_town06_ins_sl_veh0,130.0,-16.3,0.0,r12_town06_ins_sl,0
Town06,factory,covlm_r12_town06_ins_sl_veh1,125.0,-16.3,0.0,r12_town06_ins_sl,1
Town06,cinema,covlm_r12_town06_ins_sl_veh2,125.0,-16.3,0.0,r12_town06_ins_sl,2
Town05,bakery,covlm_r13_town05_ins_sl_veh0,-90.89604949951172,-88.0,0.0,r13_town05_ins_sl,0
Town05,gas_station,covlm_r13_town05_ins_sl_veh1,-148.4835662841797,-92.0,0.0,r13_town05_ins_sl,1
Town07,house,covlm_r14_town07_ins_sl_veh0,-13.223197937011719,-3.2129967212677,0.0,r14_town07_ins_sl,0
Town07,hospital,covlm_r14_town07_ins_sl_veh1,12.0,1.5,0.0,r14_town07_ins_sl,1
Town07,bus_stop,covlm_r14_town07_ins_sl_veh2,12.0,1.5,0.0,r14_town07_ins_sl,2
Town07,bus_stop,covlm_r15_town07_ins_sl_veh0,-19.85127067565918,57.602535247802734,0.0,r15_town07_ins_sl,0
Town07,hospital,covlm_r15_town07_ins_sl_veh1,-2.0253372192382812,45.59782409667969,0.0,r15_town07_ins_sl,1
Town07,bus_stop,covlm_r15_town07_ins_sl_veh2,-19.85127067565918,57.602535247802734,0.0,r15_town07_ins_sl,2
Town05,bus_stop,covlm_r16_town05_ins_sl_veh0,60.0,-186.48,0.0,r16_town05_ins_sl,0
Town05,bakery,covlm_r16_town05_ins_sl_veh1,13.09366512298584,-200.6963653564453,0.0,r16_town05_ins_sl,1
Town05,bus_stop,covlm_r16_town05_ins_sl_veh2,60.0,-186.48,0.0,r16_town05_ins_sl,2
Town05,store,covlm_r17_town05_ins_sr_veh0,60.0,-186.48,0.0,r17_town05_ins_sr,0
Town05,hospital,covlm_r17_town05_ins_sr_veh1,70.0,-186.48,0.0,r17_town05_ins_sr,1
Town05,house,covlm_r17_town05_ins_sr_veh2,60.0,-186.48,0.0,r17_town05_ins_sr,2
Town05,bus_stop,covlm_r18_town05_ins_sr_veh0,6.393203735351562,-91.42157745361328,0.0,r18_town05_ins_sr,0
Town05,bakery,covlm_r18_town05_ins_sr_veh1,-30.0,-90.0,0.0,r18_town05_ins_sr,1
Town05,store,covlm_r18_town05_ins_sr_veh2,6.393203735351562,-91.42157745361328,0.0,r18_town05_ins_sr,2
Town05,house,covlm_r19_town05_ins_sr_veh0,-90.89604949951172,-88.0,0.0,r19_town05_ins_sr,0
Town05,hospital,covlm_r19_town05_ins_sr_veh1,-90.4835662841797,-88.0,0.0,r19_town05_ins_sr,1
Town06,farm,covlm_r20_town06_ins_sr_veh0,6.170839309692383,-30.620601654052734,0.0,r20_town06_ins_sr,0
Town06,factory,covlm_r20_town06_ins_sr_veh1,8.537854194641113,-37.18013000488281,0.0,r20_town06_ins_sr,1
Town06,factory,covlm_r20_town06_ins_sr_veh2_stop,6.170839309692383,-10.0,0.0,r20_town06_ins_sr,2
Town06,house,covlm_r20_town06_ins_sr_veh2,6.170839309692383,-30.620601654052734,0.0,r20_town06_ins_sr,2
Town07,bus_stop,covlm_r21_town07_ins_sr_veh0,-1.8360180854797363,-17.12346649169922,0.0,r21_town07_ins_sr,0
Town07,hospital,covlm_r21_town07_ins_sr_veh1,-1.8360180854797363,-17.12346649169922,0.0,r21_town07_ins_sr,1
Town07,bus_stop,covlm_r21_town07_ins_sr_veh2,-1.8360180854797363,-17.12346649169922,0.0,r21_town07_ins_sr,2
Town07,bus_stop,covlm_r22_town07_ins_sr_veh0,-25.0,58.0,0.0,r22_town07_ins_sr,0
Town07,parking,covlm_r22_town07_ins_sr_veh1,-25.0,59.0,0.0,r22_town07_ins_sr,1
Town07,bus_stop,covlm_r22_town07_ins_sr_veh2,-25.0,58.0,0.0,r22_town07_ins_sr,2
Town05,bakery,covlm_r23_town05_ins_oppo_veh0,-121.51,-25.89,0.0,r23_town05_ins_oppo,0
Town05,cafe,covlm_r23_town05_ins_oppo_veh1,-151.47,-0.3,0.0,r23_town05_ins_oppo,1
Town05,bakery,covlm_r23_town05_ins_oppo_veh2,-121.51,-25.89,0.0,r23_town05_ins_oppo,2
Town05,parking,covlm_r24_town05_ins_rl_veh0,134.0,-1.96,0.0,r24_town05_ins_rl,0
Town05,hospital,covlm_r24_town05_ins_rl_veh1,134.0,-1.96,0.0,r24_town05_ins_rl,1
Town05,bakery,covlm_r24_town05_ins_rl_veh2,134.0,-1.96,0.0,r24_town05_ins_rl,2
Town05,bakery,covlm_r25_town05_ins_crosschange_veh0,7.17,-4.56,0.0,r25_town05_ins_crosschange,0
Town05,cafe,covlm_r25_town05_ins_crosschange_veh1,24.47,13.496,0.0,r25_town05_ins_crosschange,1
Town05,house,covlm_r25_town05_ins_crosschange_veh2,7.04,-4.44,0.0,r25_town05_ins_crosschange,2
Town05,bakery,covlm_r26_town05_ins_chaos_veh0,-68.35,-0.75,0.0,r26_town05_ins_chaos,0
Town05,bus_stop,covlm_r26_town05_ins_chaos_veh1,-50.65,35.04,0.0,r26_town05_ins_chaos,1
Town05,house,covlm_r26_town05_ins_chaos_veh2,-19.45,6.14,0.0,r26_town05_ins_chaos,2
Town05,park,covlm_r26_town05_ins_chaos_veh3,-48.05,-18.35,0.0,r26_town05_ins_chaos,3
Town05,cafe,covlm_r26_town05_ins_chaos_veh4,-54.15,34.34,0.0,r26_town05_ins_chaos,4
Town05,store,covlm_r26_town05_ins_chaos_veh5,-18.15,2.74,0.0,r26_town05_ins_chaos,5
Town06,farm,covlm_r27_town06_hw_merge_veh0,283.09,52.34,0.0,r27_town06_hw_merge,0
Town06,house,covlm_r27_town06_hw_merge_veh1,283.09,52.34,0.0,r27_town06_hw_merge,1
Town06,university,covlm_r27_town06_hw_merge_veh2,283.09,52.34,0.0,r27_town06_hw_merge,2
Town06,factory,covlm_r28_town06_hw_c_veh0,280.11,252.16,0.0,r28_town06_hw_c,0
Town06,farm,covlm_r28_town06_hw_c_veh1,289.11,248.37,0.0,r28_town06_hw_c,1
Town06,hospital,covlm_r28_town06_hw_c_veh2,290.11,244.6,0.0,r28_town06_hw_c,2
Town06,warehouse,covlm_r28_town06_hw_c_veh3,290.11,244.6,0.0,r28_town06_hw_c,3
Town06,woods,covlm_r28_town06_hw_c_veh4,289.11,237.37,0.0,r28_town06_hw_c,4
Town06,bakery,covlm_r28_town06_hw_c_veh5,290.11,248.37,0.0,r28_town06_hw_c,5
Town06,farm,covlm_r29_town06_hw_merge_veh0,270.0,52.2,0.0,r29_town06_hw_merge,0
Town06,house,covlm_r29_town06_hw_merge_veh1,270.0,52.2,0.0,r29_town06_hw_merge,1
Town06,hospital,covlm_r29_town06_hw_merge_veh2,270.0,52.2,0.0,r29_town06_hw_merge,2
Town06,farm,covlm_r29_town06_hw_merge_veh3,270.0,52.2,0.0,r29_town06_hw_merge,3
Town06,farm,covlm_r30_town06_hw_merge_veh0,270.0,52.2,0.0,r30_town06_hw_merge,0
Town06,train_station,covlm_r30_town06_hw_merge_veh1,270.0,52.2,0.0,r30_town06_hw_merge,1
Town06,farm,covlm_r30_town06_hw_merge_veh2,270.0,52.2,0.0,r30_town06_hw_merge,2
Town06,hospital,covlm_r30_town06_hw_merge_veh3,270.0,52.2,0.0,r30_town06_hw_merge,3
Town05,bus_stop,covlm_r31_town05_ins_oppo_veh0,31.39,-20.53,0.0,r31_town05_ins_oppo,0
Town05,store,covlm_r31_town05_ins_oppo_veh1,31.39,-20.53,0.0,r31_town05_ins_oppo,1
Town05,bakery,covlm_r31_town05_ins_oppo_veh2,0.0,-0.99,0.0,r31_town05_ins_oppo,2
Town05,bakery,covlm_r31_town05_ins_oppo_veh3,0.0,-0.99,0.0,r31_town05_ins_oppo,3
Town05,bus_stop,covlm_r32_town05_ins_oppo_veh0,31.39,-20.53,0.0,r32_town05_ins_oppo,0
Town05,hospital,covlm_r32_town05_ins_oppo_veh1,31.39,-20.53,0.0,r32_town05_ins_oppo,1
Town05,bakery,covlm_r32_town05_ins_oppo_veh2,0.0,-0.99,0.0,r32_town05_ins_oppo,2
Town05,park,covlm_r32_town05_ins_oppo_veh3,0.0,-0.99,0.0,r32_town05_ins_oppo,3
Town05,hospital,covlm_r33_town05_ins_rl_veh0,31.39,-20.53,0.0,r33_town05_ins_rl,0
Town05,store,covlm_r33_town05_ins_rl_veh1,31.39,-20.53,0.0,r33_town05_ins_rl,1
Town05,bakery,covlm_r33_town05_ins_rl_veh2,31.39,-20.53,0.0,r33_town05_ins_rl,2
Town05,house,covlm_r33_town05_ins_rl_veh3,31.39,-20.53,0.0,r33_town05_ins_rl,3
Town05,house,covlm_r34_town05_ins_rl_veh0,31.39,-20.53,0.0,r34_town05_ins_rl,0
Town05,bakery,covlm_r34_town05_ins_rl_veh1,31.39,-20.53,0.0,r34_town05_ins_rl,1
Town05,cinema,covlm_r34_town05_ins_rl_veh2,31.39,-20.53,0.0,r34_town05_ins_rl,2
Town05,hospital,covlm_r34_town05_ins_rl_veh3,31.39,-20.53,0.0,r34_town05_ins_rl,3
Town05,hospital,covlm_r35_town05_ins_crosschange_veh0,31.39,-20.53,0.0,r35_town05_ins_crosschange,0
Town05,bus_stop,covlm_r35_town05_ins_crosschange_veh1,31.39,-20.53,0.0,r35_town05_ins_crosschange,1
Town05,bakery,covlm_r35_town05_ins_crosschange_veh2,0.0,-4.0,0.0,r35_town05_ins_crosschange,2
Town05,gas_station,covlm_r35_town05_ins_crosschange_veh3,0.0,-4.0,0.0,r35_town05_ins_crosschange,3
Town05,house,covlm_r36_town05_ins_crosschange_veh0,31.39,-20.53,0.0,r36_town05_ins_crosschange,0
Town05,restaurant,covlm_r36_town05_ins_crosschange_veh1,0.0,-4.0,0.0,r36_town05_ins_crosschange,1
Town05,bakery,covlm_r36_town05_ins_crosschange_veh2,0.0,-4.0,0.0,r36_town05_ins_crosschange,2
Town05,bakery,covlm_r36_town05_ins_crosschange_veh3,0.0,-4.0,0.0,r36_town05_ins_crosschange,3
Town05,hotel,covlm_r37_town05_ins_chaos_veh0,31.39,-20.53,0.0,r37_town05_ins_chaos,0
Town05,cafe,covlm_r37_town05_ins_chaos_veh1,24.58,19.14,0.0,r37_town05_ins_chaos,1
Town05,bakery,covlm_r37_town05_ins_chaos_veh2,31.39,-20.53,0.0,r37_town05_ins_chaos,2
Town05,bus_stop,covlm_r37_town05_ins_chaos_veh3,0.0,-0.99,0.0,r37_town05_ins_chaos,3
Town05,bus_stop,covlm_r37_town05_ins_chaos_veh4,0.0,-4.0,0.0,r37_town05_ins_chaos,4
Town05,hospital,covlm_r37_town05_ins_chaos_veh5,31.59,30.2,0.0,r37_town05_ins_chaos,5
Town05,cafe,covlm_r37_town05_ins_chaos_veh6,50.0,2.55,0.0,r37_town05_ins_chaos,6
Town05,cinema,covlm_r37_town05_ins_chaos_veh7,24.58,19.14,0.0,r37_town05_ins_chaos,7
Town05,store,covlm_r38_town05_ins_chaos_veh0,50.0,2.55,0.0,r38_town05_ins_chaos,0
Town05,factory,covlm_r38_town05_ins_chaos_veh1,31.39,-20.53,0.0,r38_town05_ins_chaos,1
Town05,house,covlm_r38_town05_ins_chaos_veh2,31.39,-20.53,0.0,r38_town05_ins_chaos,2
Town05,bakery,covlm_r38_town05_ins_chaos_veh3,0.0,-0.99,0.0,r38_town05_ins_chaos,3
Town05,bakery,covlm_r38_town05_ins_chaos_veh4,0.0,-4.0,0.0,r38_town05_ins_chaos,4
Town05,bus_stop,covlm_r38_town05_ins_chaos_veh5,31.59,30.2,0.0,r38_town05_ins_chaos,5
Town05,bakery,covlm_r38_town05_ins_chaos_veh6,0.0,-4.0,0.0,r38_town05_ins_chaos,6
Town05,restaurant,covlm_r38_town05_ins_chaos_veh7,24.58,19.14,0.0,r38_town05_ins_chaos,7
Town06,factory,covlm_r39_town06_hw_c_veh0,180.0,237.06,0.0,r39_town06_hw_c,0
Town06,farm,covlm_r39_town06_hw_c_veh1,155.0,240.83,0.0,r39_town06_hw_c,1
Town06,hospital,covlm_r39_town06_hw_c_veh2,155.0,237.06,0.0,r39_town06_hw_c,2
Town06,house,covlm_r39_town06_hw_c_veh3,155.0,248.37,0.0,r39_town06_hw_c,3
Town06,university,covlm_r39_town06_hw_c_veh4,155.0,252.16,0.0,r39_town06_hw_c,4
Town06,hospital,covlm_r39_town06_hw_c_veh5,160.0,252.16,0.0,r39_town06_hw_c,5
Town06,warehouse,covlm_r39_town06_hw_c_veh6,160.0,244.6,0.0,r39_town06_hw_c,6
Town06,warehouse,covlm_r39_town06_hw_c_veh7,160.0,244.6,0.0,r39_town06_hw_c,7
Town06,factory,covlm_r40_town06_hw_c_veh0,180.0,237.06,0.0,r40_town06_hw_c,0
Town06,factory,covlm_r40_town06_hw_c_veh1,180.0,244.6,0.0,r40_town06_hw_c,1
Town06,farm,covlm_r40_town06_hw_c_veh2,160.0,240.83,0.0,r40_town06_hw_c,2
Town06,house,covlm_r40_town06_hw_c_veh3,155.0,248.37,0.0,r40_town06_hw_c,3
Town06,hospital,covlm_r40_town06_hw_c_veh4,165.0,252.16,0.0,r40_town06_hw_c,4
Town06,train_station,covlm_r40_town06_hw_c_veh5,160.0,244.6,0.0,r40_town06_hw_c,5
Town06,farm,covlm_r40_town06_hw_c_veh6,160.0,252.16,0.0,r40_town06_hw_c,6
Town06,university,covlm_r40_town06_hw_c_veh7,160.0,252.16,0.0,r40_town06_hw_c,7
Town05,bakery,covlm_r41_town05_ins_oppo_veh0,-121.51,-25.89,0.0,r41_town05_ins_oppo,0
Town05,factory,covlm_r41_town05_ins_oppo_veh1,-151.47,-0.3,0.0,r41_town05_ins_oppo,1
Town05,house,covlm_r41_town05_ins_oppo_veh2,-121.51,-25.89,0.0,r41_town05_ins_oppo,2
Town05,restaurant,covlm_r41_town05_ins_oppo_veh3,-151.47,-0.3,0.0,r41_town05_ins_oppo,3
Town05,restaurant,covlm_r42_town05_ins_rl_veh0,134.0,-1.96,0.0,r42_town05_ins_rl,0
Town05,bakery,covlm_r42_town05_ins_rl_veh1,134.0,-1.96,0.0,r42_town05_ins_rl,1
Town05,hospital,covlm_r42_town05_ins_rl_veh2,134.0,-1.96,0.0,r42_town05_ins_rl,2
Town05,bakery,covlm_r42_town05_ins_rl_veh3,134.0,-1.96,0.0,r42_town05_ins_rl,3
Town05,bakery,covlm_r43_town05_ins_crosschange_veh0,7.17,-4.56,0.0,r43_town05_ins_crosschange,0
Town05,bus_stop,covlm_r43_town05_ins_crosschange_veh1,24.47,13.496,0.0,r43_town05_ins_crosschange,1
Town05,cafe,covlm_r43_town05_ins_crosschange_veh2,7.04,-4.44,0.0,r43_town05_ins_crosschange,2
Town05,bus_stop,covlm_r43_town05_ins_crosschange_veh3,24.47,13.496,0.0,r43_town05_ins_crosschange,3
Town05,parking,covlm_r44_town05_ins_chaos_veh0,-68.35,-0.75,0.0,r44_town05_ins_chaos,0
Town05,hospital,covlm_r44_town05_ins_chaos_veh1,-50.65,35.04,0.0,r44_town05_ins_chaos,1
Town05,bakery,covlm_r44_town05_ins_chaos_veh2,-19.45,6.14,0.0,r44_town05_ins_chaos,2
Town05,gas_station,covlm_r44_town05_ins_chaos_veh3,-48.05,-18.35,0.0,r44_town05_ins_chaos,3
Town05,bus_stop,covlm_r44_town05_ins_chaos_veh4,-54.15,34.34,0.0,r44_town05_ins_chaos,4
Town05,bakery,covlm_r44_town05_ins_chaos_veh5,-18.15,2.74,0.0,r44_town05_ins_chaos,5
Town05,cafe,covlm_r44_town05_ins_chaos_veh6,-75.15,-0.75,0.0,r44_town05_ins_chaos,6
Town05,cinema,covlm_r44_town05_ins_chaos_veh7,-45.0,-25.0,0.0,r44_town05_ins_chaos,7
Town06,farm,covlm_r45_town06_hw_merge_veh0,283.09,52.34,0.0,r45_town06_hw_merge,0
Town06,farm,covlm_r45_town06_hw_merge_veh1,283.09,52.34,0.0,r45_town06_hw_merge,1
Town06,parking,covlm_r45_town06_hw_merge_veh2,283.09,52.34,0.0,r45_town06_hw_merge,2
Town06,parking,covlm_r45_town06_hw_merge_veh3,283.09,52.34,0.0,r45_town06_hw_merge,3
Town06,factory,covlm_r46_town06_hw_c_veh0,280.11,252.16,0.0,r46_town06_hw_c,0
Town06,house,covlm_r46_town06_hw_c_veh1_stop,150.41,240.83,0.0,r46_town06_hw_c,1
Town06,university,covlm_r46_town06_hw_c_veh1,191.11,237.06,0.0,r46_town06_hw_c,1
Town06,farm,covlm_r46_town06_hw_c_veh2,290.11,244.6,0.0,r46_town06_hw_c,2
Town06,warehouse,covlm_r46_town06_hw_c_veh3,290.11,244.6,0.0,r46_town06_hw_c,3
Town06,woods,covlm_r46_town06_hw_c_veh4,289.11,237.37,0.0,r46_town06_hw_c,4
Town06,farm,covlm_r46_town06_hw_c_veh5,290.11,248.37,0.0,r46_town06_hw_c,5
Town06,factory,covlm_r46_town06_hw_c_veh6,280.11,252.16,0.0,r46_town06_hw_c,6
