anchor_id,town,veh,label,label_source,n_keypoints,ref_pts,ref_len_m,raw_dev_m,raw_match,snap_dev_m,snap_match,goal_pts,goal_len_m,goal_dev_m,goal_match
r1_town05_ins_c#veh0,Town05,0,house,utterance,3,46,49.4,0.0,1,0.0,1,47,49.4,1.018,1
r1_town05_ins_c#veh1,Town05,1,supermarket,utterance,3,47,46.1,0.0,1,0.0,1,48,46.1,1.018,1
r2_town05_ins_c#veh0,Town05,0,school,utterance,2,51,48.41,0.0,1,0.0,1,51,48.41,0.0,1
r2_town05_ins_c#veh1,Town05,1,airport,utterance,3,54,54.06,0.0,1,0.0,1,55,54.06,1.0,1
r3_town05_ins_c#veh0,Town05,0,supermarket,utterance,2,40,38.03,0.0,1,0.0,1,40,38.03,0.0,1
r3_town05_ins_c#veh1,Town05,1,bus_stop,nearest_kb,2,32,34.07,0.0,1,0.0,1,32,34.07,0.0,1
r4_town06_ins_c#veh0,Town06,0,house,utterance,4,20,19.0,0.0,1,0.0,1,20,19.0,0.0,1
r4_town06_ins_c#veh1,Town06,1,hospital,utterance,4,18,20.14,0.0,1,0.0,1,17,19.94,3.64,0
r5_town06_ins_c#veh0,Town06,0,gym,utterance,4,20,18.91,0.0,1,0.0,1,20,18.91,0.0,1
r5_town06_ins_c#veh1,Town06,1,parking,utterance,4,18,20.31,0.0,1,0.0,1,17,19.74,3.64,0
r6_town07_ins_c#veh0,Town07,0,house,utterance,4,30,29.23,0.0,1,0.0,1,31,29.23,1.0,0
r6_town07_ins_c#veh1,Town07,1,hospital,utterance,4,29,30.85,0.0,1,0.0,1,28,30.32,3.64,0
r7_town05_ins_ss#veh0,Town05,0,bus_stop,nearest_kb,3,52,48.83,0.0,1,1.0,1,52,48.83,0.0,1
r7_town05_ins_ss#veh1,Town05,1,hospital,utterance,3,54,52.54,0.0,1,0.0,1,54,52.54,0.0,1
r8_town05_ins_ss#veh0,Town05,0,factory,utterance,3,58,56.3,0.0,1,0.0,1,59,56.3,1.0,1
r8_town05_ins_ss#veh1,Town05,1,hospital,utterance,3,48,48.52,0.0,1,0.0,1,44,42.52,3.0,0
r9_town06_ins_ss#veh0,Town06,0,house,nearest_kb,4,12,13.0,0.0,1,0.0,1,14,13.0,1.0,1
r9_town06_ins_ss#veh1,Town06,1,pharmacy,utterance,4,20,19.0,0.0,1,0.0,1,20,19.0,0.0,1
r9_town06_ins_ss#veh2,Town06,2,house,nearest_kb,4,19,19.88,0.0,1,0.0,1,21,19.88,1.0,0
r10_town07_ins_ss#veh0,Town07,0,house,utterance,3,23,20.23,0.0,1,0.0,1,22,20.23,0.0,0
r10_town07_ins_ss#veh1,Town07,1,parking,nearest_kb,4,25,24.02,0.0,1,0.0,1,26,24.02,1.0,1
r10_town07_ins_ss#veh2,Town07,2,pharmacy,utterance,3,25,26.01,0.0,1,0.0,1,25,26.01,0.0,1
r11_town05_ins_sl#veh0,Town05,0,parking,nearest_kb,3,159,164.56,0.0,1,80.635,0,153,154.35,6.639,0
r11_town05_ins_sl#veh1,Town05,1,bus_stop,nearest_kb,3,54,53.54,0.0,1,0.0,1,55,53.54,1.0,1
r11_town05_ins_sl#veh2,Town05,2,bus_stop,nearest_kb,3,59,58.74,0.0,1,0.0,1,60,58.74,1.0,1
r12_town06_ins_sl#veh0,Town06,0,library,utterance,3,26,26.56,0.0,1,0.0,1,26,26.55,0.106,0
r12_town06_ins_sl#veh1,Town06,1,school,utterance,3,37,35.14,0.0,1,0.0,1,37,35.14,0.0,1
r12_town06_ins_sl#veh2,Town06,2,cinema,utterance,3,44,42.14,0.0,1,0.0,1,44,42.14,0.0,1
r13_town05_ins_sl#veh0,Town05,0,bus_stop,nearest_kb,3,58,56.3,0.0,1,0.0,1,59,56.3,1.0,1
r13_town05_ins_sl#veh1,Town05,1,gas_station,utterance,2,39,39.95,0.0,1,1.0,1,39,39.95,0.0,1
r14_town07_ins_sl#veh0,Town07,0,house,utterance,3,27,25.23,0.0,1,0.0,1,27,25.23,0.0,1
r14_town07_ins_sl#veh1,Town07,1,hospital,utterance,3,29,29.64,0.0,1,1.0,1,29,29.64,0.0,1
r14_town07_ins_sl#veh2,Town07,2,parking,nearest_kb,4,35,35.64,0.0,1,1.0,0,35,35.64,0.0,1
r15_town07_ins_sl#veh0,Town07,0,farm,nearest_kb,4,31,28.82,0.0,1,0.0,1,31,28.82,0.0,1
r15_town07_ins_sl#veh1,Town07,1,hospital,utterance,4,30,29.52,0.0,1,0.0,1,29,29.52,0.0,1
r15_town07_ins_sl#veh2,Town07,2,school,utterance,4,38,35.21,0.0,1,0.0,1,38,35.21,0.0,1
r16_town05_ins_sl#veh0,Town05,0,warehouse,nearest_kb,3,60,58.07,0.0,1,0.0,1,61,58.07,1.0,1
r16_town05_ins_sl#veh1,Town05,1,apartment,utterance,3,65,64.66,0.0,1,0.0,1,65,64.66,0.0,1
r16_town05_ins_sl#veh2,Town05,2,warehouse,nearest_kb,3,65,63.13,0.0,1,0.0,1,66,63.13,1.0,1
r17_town05_ins_sr#veh0,Town05,0,store,utterance,3,60,58.07,0.0,1,0.0,1,61,58.07,1.0,1
r17_town05_ins_sr#veh1,Town05,1,hospital,utterance,3,65,64.53,0.0,1,0.0,1,66,64.53,1.0,1
r17_town05_ins_sr#veh2,Town05,2,house,utterance,3,65,63.13,0.0,1,0.0,1,66,63.13,1.0,1
r18_town05_ins_sr#veh0,Town05,0,bus_stop,nearest_kb,3,49,47.39,0.0,1,0.0,1,49,47.39,0.0,1
r18_town05_ins_sr#veh1,Town05,1,pharmacy,utterance,3,84,83.61,0.0,1,1.0,1,84,83.61,0.0,1
r18_town05_ins_sr#veh2,Town05,2,store,utterance,3,56,54.62,0.0,1,0.0,1,56,54.62,0.0,1
r19_town05_ins_sr#veh0,Town05,0,house,utterance,3,58,56.3,0.0,1,0.0,1,59,56.3,1.0,1
r19_town05_ins_sr#veh1,Town05,1,hospital,utterance,2,39,43.98,0.0,1,0.0,1,39,43.98,0.0,1
r20_town06_ins_sr#veh0,Town06,0,house,nearest_kb,4,23,24.0,0.0,1,0.0,1,25,24.0,1.0,1
r20_town06_ins_sr#veh1,Town06,1,house,nearest_kb,4,27,21.85,0.0,1,1.0,1,26,21.85,0.0,1
r20_town06_ins_sr#veh2,Town06,2,house,utterance,4,30,30.0,0.0,1,0.0,1,32,30.0,1.0,0
r21_town07_ins_sr#veh0,Town07,0,parking,nearest_kb,3,26,20.45,0.0,1,0.0,1,25,20.45,0.0,1
r21_town07_ins_sr#veh1,Town07,1,hospital,utterance,4,25,24.02,0.0,1,0.0,1,26,24.02,1.0,1
r21_town07_ins_sr#veh2,Town07,2,parking,nearest_kb,4,32,26.45,0.0,1,0.0,1,31,26.45,0.0,1
r22_town07_ins_sr#veh0,Town07,0,farm,nearest_kb,4,31,28.02,0.0,1,0.0,1,30,28.02,0.0,1
r22_town07_ins_sr#veh1,Town07,1,parking,utterance,4,28,23.96,0.0,1,1.0,1,29,23.96,0.803,1
r22_town07_ins_sr#veh2,Town07,2,school,utterance,4,37,33.82,0.0,1,0.0,1,36,33.82,0.0,1
r23_town05_ins_oppo#veh0,Town05,0,bus_stop,nearest_kb,2,48,57.86,0.0,1,0.0,1,48,57.86,0.0,1
r23_town05_ins_oppo#veh1,Town05,1,cafe,utterance,2,66,64.42,0.0,1,0.0,1,66,64.42,0.0,1
r23_town05_ins_oppo#veh2,Town05,2,school,utterance,2,41,50.86,0.0,1,0.0,1,41,50.86,0.0,1
r24_town05_ins_rl#veh0,Town05,0,parking,utterance,2,31,26.65,0.0,1,0.0,1,31,26.65,0.0,1
r24_town05_ins_rl#veh1,Town05,1,hospital,utterance,2,36,36.99,0.0,1,0.0,1,36,36.99,0.0,1
r24_town05_ins_rl#veh2,Town05,2,park,nearest_kb,2,41,36.65,0.0,1,0.0,1,41,36.65,0.0,1
r25_town05_ins_crosschange#veh0,Town05,0,school,utterance,2,29,25.54,0.0,1,0.031,1,29,25.54,0.0,1
r25_town05_ins_crosschange#veh1,Town05,1,cafe,utterance,2,30,28.4,0.0,1,0.0,1,30,28.4,0.0,1
r25_town05_ins_crosschange#veh2,Town05,2,house,utterance,2,31,29.93,0.0,1,0.014,1,31,29.93,0.0,1
r26_town05_ins_chaos#veh0,Town05,0,shopping_mall,nearest_kb,2,41,38.93,0.0,1,0.0,1,41,38.93,0.0,1
r26_town05_ins_chaos#veh1,Town05,1,restaurant,nearest_kb,2,53,53.33,0.0,1,0.0,1,53,53.33,0.0,1
r26_town05_ins_chaos#veh2,Town05,2,house,utterance,2,47,45.01,0.0,1,0.0,1,47,45.01,0.0,1
r26_town05_ins_chaos#veh3,Town05,3,park,utterance,2,36,37.33,0.0,1,0.078,1,36,37.33,0.0,1
r26_town05_ins_chaos#veh4,Town05,4,pharmacy,utterance,2,41,49.49,0.0,1,0.0,1,41,49.49,0.0,1
r26_town05_ins_chaos#veh5,Town05,5,store,utterance,2,47,51.62,0.0,1,0.0,1,47,51.62,0.0,1
r27_town06_hw_merge#veh0,Town06,0,apartment,nearest_kb,2,98,95.13,0.0,1,0.0,1,98,95.13,0.0,1
r27_town06_hw_merge#veh1,Town06,1,airport,utterance,2,92,86.08,0.0,1,0.0,1,92,86.08,0.0,1
r27_town06_hw_merge#veh2,Town06,2,apartment,nearest_kb,2,108,105.13,0.0,1,0.0,1,108,105.13,0.0,1
r28_town06_hw_c#veh0,Town06,0,airport,utterance,9,116,146.32,0.0,1,0.0,1,129,144.75,10.508,0
r28_town06_hw_c#veh1,Town06,1,post_office,nearest_kb,9,142,163.25,0.0,1,0.0,1,154,161.05,7.001,0
r28_town06_hw_c#veh2,Town06,2,hospital,utterance,2,157,156.0,0.0,1,0.0,1,157,156.0,0.0,1
r28_town06_hw_c#veh3,Town06,3,post_office,nearest_kb,2,164,162.65,0.0,1,0.0,1,164,162.65,0.0,1
r28_town06_hw_c#veh4,Town06,4,post_office,nearest_kb,9,142,163.19,0.0,1,0.0,1,148,163.26,12.093,0
r28_town06_hw_c#veh5,Town06,5,airport,utterance,2,172,170.65,0.0,1,0.0,1,172,170.65,0.0,1
r29_town06_hw_merge#veh0,Town06,0,apartment,nearest_kb,2,71,68.13,0.0,1,0.0,1,71,68.13,0.0,1
r29_town06_hw_merge#veh1,Town06,1,house,utterance,2,78,75.97,0.0,1,0.0,1,78,75.97,0.0,1
r29_town06_hw_merge#veh2,Town06,2,hospital,utterance,2,85,82.97,0.0,1,0.0,1,85,82.97,0.0,1
r29_town06_hw_merge#veh3,Town06,3,apartment,nearest_kb,2,77,71.92,0.0,1,0.0,1,77,71.92,0.0,1
r30_town06_hw_merge#veh0,Town06,0,apartment,nearest_kb,2,71,68.13,0.0,1,0.0,1,71,68.13,0.0,1
r30_town06_hw_merge#veh1,Town06,1,train_station,utterance,2,78,75.97,0.0,1,0.0,1,78,75.97,0.0,1
r30_town06_hw_merge#veh2,Town06,2,apartment,nearest_kb,2,90,87.97,0.0,1,0.0,1,90,87.97,0.0,1
r30_town06_hw_merge#veh3,Town06,3,hospital,utterance,2,95,89.51,0.0,1,1.0,1,95,89.51,0.0,1
r31_town05_ins_oppo#veh0,Town05,0,parking,nearest_kb,2,45,45.84,0.0,1,0.0,1,45,45.84,0.0,1
r31_town05_ins_oppo#veh1,Town05,1,store,utterance,2,38,38.84,0.0,1,0.0,1,38,38.84,0.0,1
r31_town05_ins_oppo#veh2,Town05,2,parking,nearest_kb,2,51,48.9,0.0,1,0.0,1,51,48.9,0.0,1
r31_town05_ins_oppo#veh3,Town05,3,airport,utterance,2,66,63.9,0.0,1,0.0,1,66,63.9,0.0,1
r32_town05_ins_oppo#veh0,Town05,0,parking,nearest_kb,2,45,45.84,0.0,1,0.0,1,45,45.84,0.0,1
r32_town05_ins_oppo#veh1,Town05,1,hospital,utterance,2,38,38.84,0.0,1,0.0,1,38,38.84,0.0,1
r32_town05_ins_oppo#veh2,Town05,2,parking,nearest_kb,2,46,43.9,0.0,1,0.0,1,46,43.9,0.0,1
r32_town05_ins_oppo#veh3,Town05,3,park,utterance,2,53,50.9,0.0,1,0.0,1,53,50.9,0.0,1
r33_town05_ins_rl#veh0,Town05,0,hospital,utterance,2,45,45.84,0.0,1,0.0,1,45,45.84,0.0,1
r33_town05_ins_rl#veh1,Town05,1,store,utterance,2,40,40.84,0.0,1,0.0,1,40,40.84,0.0,1
r33_town05_ins_rl#veh2,Town05,2,parking,nearest_kb,2,22,24.28,0.0,1,0.0,1,22,24.28,0.0,1
r33_town05_ins_rl#veh3,Town05,3,house,utterance,2,27,31.87,0.0,1,0.0,1,27,31.87,0.0,1
r34_town05_ins_rl#veh0,Town05,0,house,utterance,2,45,45.84,0.0,1,0.0,1,45,45.84,0.0,1
r34_town05_ins_rl#veh1,Town05,1,parking,nearest_kb,2,32,36.87,0.0,1,0.0,1,32,36.87,0.0,1
r34_town05_ins_rl#veh2,Town05,2,cinema,utterance,2,22,24.28,0.0,1,0.0,1,22,24.28,0.0,1
r34_town05_ins_rl#veh3,Town05,3,hospital,utterance,2,25,29.87,0.0,1,0.0,1,25,29.87,0.0,1
r35_town05_ins_crosschange#veh0,Town05,0,hospital,utterance,2,27,31.87,0.0,1,0.0,1,27,31.87,0.0,1
r35_town05_ins_crosschange#veh1,Town05,1,parking,nearest_kb,2,22,25.35,0.0,1,0.0,1,22,25.35,0.0,1
r35_town05_ins_crosschange#veh2,Town05,2,store,utterance,2,51,48.93,0.0,1,0.0,1,51,48.93,0.0,1
r35_town05_ins_crosschange#veh3,Town05,3,gas_station,utterance,2,58,55.93,0.0,1,0.0,1,58,55.93,0.0,1
r36_town05_ins_crosschange#veh0,Town05,0,house,utterance,2,27,31.87,0.0,1,0.0,1,27,31.87,0.0,1
r36_town05_ins_crosschange#veh1,Town05,1,restaurant,utterance,2,64,61.93,0.0,1,0.0,1,64,61.93,0.0,1
r36_town05_ins_crosschange#veh2,Town05,2,store,utterance,2,51,48.93,0.0,1,0.0,1,51,48.93,0.0,1
r36_town05_ins_crosschange#veh3,Town05,3,parking,nearest_kb,2,58,55.93,0.0,1,0.0,1,58,55.93,0.0,1
r37_town05_ins_chaos#veh0,Town05,0,apartment,utterance,2,45,45.84,0.0,1,0.0,1,45,45.84,0.0,1
r37_town05_ins_chaos#veh1,Town05,1,cafe,utterance,2,29,28.17,0.0,1,0.0,1,29,28.17,0.0,1
r37_town05_ins_chaos#veh2,Town05,2,parking,nearest_kb,2,51,48.74,0.0,1,0.0,1,51,48.74,0.0,1
r37_town05_ins_chaos#veh3,Town05,3,post_office,utterance,2,63,61.89,0.0,1,0.0,1,63,61.89,0.0,1
r37_town05_ins_chaos#veh4,Town05,4,store,utterance,2,55,52.93,0.0,1,0.0,1,55,52.93,0.0,1
r37_town05_ins_chaos#veh5,Town05,5,hospital,utterance,2,327,328.84,0.0,1,0.0,1,327,328.84,0.0,1
r37_town05_ins_chaos#veh6,Town05,6,store,nearest_kb,2,330,331.15,0.0,1,0.0,1,330,331.15,0.0,1
r37_town05_ins_chaos#veh7,Town05,7,store,nearest_kb,2,267,262.22,0.0,1,0.04,1,267,262.22,0.0,1
r38_town05_ins_chaos#veh0,Town05,0,store,utterance,2,50,47.78,0.0,1,0.0,1,50,47.78,0.0,1
r38_town05_ins_chaos#veh1,Town05,1,factory,utterance,2,37,41.65,0.0,1,0.0,1,37,41.65,0.0,1
r38_town05_ins_chaos#veh2,Town05,2,house,utterance,2,51,48.74,0.0,1,0.0,1,51,48.74,0.0,1
r38_town05_ins_chaos#veh3,Town05,3,parking,nearest_kb,2,63,61.89,0.0,1,0.0,1,63,61.89,0.0,1
r38_town05_ins_chaos#veh4,Town05,4,parking,utterance,2,55,52.93,0.0,1,0.0,1,55,52.93,0.0,1
r38_town05_ins_chaos#veh5,Town05,5,airport,utterance,2,327,328.84,0.0,1,0.0,1,327,328.84,0.0,1
r38_town05_ins_chaos#veh6,Town05,6,pharmacy,utterance,2,293,277.1,0.0,1,0.028,1,293,277.1,0.0,1
r38_town05_ins_chaos#veh7,Town05,7,restaurant,utterance,2,267,262.22,0.0,1,0.04,1,267,262.22,0.0,1
r39_town06_hw_c#veh0,Town06,0,house,nearest_kb,2,34,33.0,0.0,1,0.0,1,34,33.0,0.0,1
r39_town06_hw_c#veh1,Town06,1,house,nearest_kb,2,13,16.44,0.0,1,0.0,1,13,16.44,0.0,1
r39_town06_hw_c#veh2,Town06,2,hospital,utterance,2,13,16.44,0.0,1,0.0,1,13,16.44,0.0,1
r39_town06_hw_c#veh3,Town06,3,house,nearest_kb,2,13,16.44,0.0,1,0.0,1,13,16.44,0.0,1
r39_town06_hw_c#veh4,Town06,4,house,nearest_kb,2,13,16.44,0.0,1,0.0,1,13,16.44,0.0,1
r39_town06_hw_c#veh5,Town06,5,hospital,utterance,2,21,20.0,0.0,1,0.0,1,21,20.0,0.0,1
r39_town06_hw_c#veh6,Town06,6,house,nearest_kb,2,12,14.71,0.0,1,0.0,1,12,14.71,0.0,1
r39_town06_hw_c#veh7,Town06,7,hospital,utterance,2,15,14.0,0.0,1,0.0,1,15,14.0,0.0,1
r40_town06_hw_c#veh0,Town06,0,factory,utterance,2,34,33.0,0.0,1,0.0,1,34,33.0,0.0,1
r40_town06_hw_c#veh1,Town06,1,house,nearest_kb,2,21,24.44,0.0,1,0.0,1,21,24.44,0.0,1
r40_town06_hw_c#veh2,Town06,2,house,nearest_kb,2,15,14.0,0.0,1,0.0,1,15,14.0,0.0,1
r40_town06_hw_c#veh3,Town06,3,house,nearest_kb,2,10,17.55,0.0,1,0.0,1,10,17.55,0.0,1
r40_town06_hw_c#veh4,Town06,4,hospital,utterance,2,13,20.55,0.0,1,0.0,1,13,20.55,0.0,1
r40_town06_hw_c#veh5,Town06,5,train_station,utterance,2,21,20.0,0.0,1,0.0,1,21,20.0,0.0,1
r40_town06_hw_c#veh6,Town06,6,house,nearest_kb,2,18,21.44,0.0,1,0.0,1,18,21.44,0.0,1
r40_town06_hw_c#veh7,Town06,7,pharmacy,utterance,2,21,20.0,0.0,1,0.0,1,21,20.0,0.0,1
r41_town05_ins_oppo#veh0,Town05,0,bus_stop,nearest_kb,2,48,57.86,0.0,1,0.0,1,48,57.86,0.0,1
r41_town05_ins_oppo#veh1,Town05,1,factory,utterance,2,66,64.42,0.0,1,0.0,1,66,64.42,0.0,1
r41_town05_ins_oppo#veh2,Town05,2,house,utterance,2,41,50.86,0.0,1,0.0,1,41,50.86,0.0,1
r41_town05_ins_oppo#veh3,Town05,3,restaurant,utterance,2,73,71.42,0.0,1,0.0,1,73,71.42,0.0,1
r42_town05_ins_rl#veh0,Town05,0,restaurant,utterance,2,31,26.65,0.0,1,0.0,1,31,26.65,0.0,1
r42_town05_ins_rl#veh1,Town05,1,park,nearest_kb,2,36,36.99,0.0,1,0.0,1,36,36.99,0.0,1
r42_town05_ins_rl#veh2,Town05,2,hospital,utterance,2,41,36.65,0.0,1,0.0,1,41,36.65,0.0,1
r42_town05_ins_rl#veh3,Town05,3,park,nearest_kb,2,43,43.99,0.0,1,0.0,1,43,43.99,0.0,1
r43_town05_ins_crosschange#veh0,Town05,0,parking,nearest_kb,2,29,25.54,0.0,1,0.031,1,29,25.54,0.0,1
r43_town05_ins_crosschange#veh1,Town05,1,school,utterance,2,30,28.4,0.0,1,0.0,1,30,28.4,0.0,1
r43_town05_ins_crosschange#veh2,Town05,2,parking,nearest_kb,2,33,31.95,0.0,1,0.007,1,33,31.95,0.0,1
r43_town05_ins_crosschange#veh3,Town05,3,store,nearest_kb,2,37,35.47,0.0,1,0.0,1,37,35.47,0.0,1
r44_town05_ins_chaos#veh0,Town05,0,parking,utterance,2,41,38.93,0.0,1,0.0,1,41,38.93,0.0,1
r44_town05_ins_chaos#veh1,Town05,1,hospital,utterance,2,53,53.33,0.0,1,0.0,1,53,53.33,0.0,1
r44_town05_ins_chaos#veh2,Town05,2,sports_facility,nearest_kb,2,47,45.01,0.0,1,0.0,1,47,45.01,0.0,1
r44_town05_ins_chaos#veh3,Town05,3,gas_station,utterance,2,36,37.33,0.0,1,0.078,1,36,37.33,0.0,1
r44_town05_ins_chaos#veh4,Town05,4,restaurant,nearest_kb,2,41,49.49,0.0,1,0.0,1,41,49.49,0.0,1
r44_town05_ins_chaos#veh5,Town05,5,parking,nearest_kb,2,47,51.62,0.0,1,0.0,1,47,51.62,0.0,1
r44_town05_ins_chaos#veh6,Town05,6,pharmacy,utterance,2,32,36.13,0.0,1,0.0,1,32,36.13,0.0,1
r44_town05_ins_chaos#veh7,Town05,7,store,nearest_kb,2,39,44.46,0.0,1,0.0,1,39,44.46,0.0,1
r45_town06_hw_merge#veh0,Town06,0,apartment,nearest_kb,2,98,95.13,0.0,1,0.0,1,98,95.13,0.0,1
r45_town06_hw_merge#veh1,Town06,1,school,utterance,2,92,86.08,0.0,1,0.0,1,92,86.08,0.0,1
r45_town06_hw_merge#veh2,Town06,2,parking,utterance,2,108,105.13,0.0,1,0.0,1,108,105.13,0.0,1
r45_town06_hw_merge#veh3,Town06,3,parking,utterance,2,75,72.5,0.0,1,0.0,1,75,72.5,0.0,1
r46_town06_hw_c#veh0,Town06,0,post_office,nearest_kb,9,116,146.32,0.0,1,0.0,1,129,144.75,10.508,0
r46_town06_hw_c#veh1,Town06,1,factory,utterance,4,52,57.08,0.0,1,0.0,1,54,57.44,3.672,0
r46_town06_hw_c#veh2,Town06,2,house,utterance,2,157,156.0,0.0,1,0.0,1,157,156.0,0.0,1
r46_town06_hw_c#veh3,Town06,3,post_office,nearest_kb,2,164,162.65,0.0,1,0.0,1,164,162.65,0.0,1
r46_town06_hw_c#veh4,Town06,4,post_office,nearest_kb,9,142,163.19,0.0,1,0.0,1,148,163.26,12.093,0
r46_town06_hw_c#veh5,Town06,5,airport,utterance,2,172,170.65,0.0,1,0.0,1,172,170.65,0.0,1
r46_town06_hw_c#veh6,Town06,6,school,utterance,9,124,154.32,0.0,1,0.0,1,137,152.75,13.829,0
