anchor_id,town,tier,label,kept_original,parsed,llm_destination,llm_stops,want_stops,stops_ok,dest_ok,route_ok,dev_m
r1_town05_ins_c#veh0,Town05,high,house,True,1,house,,,1,1,1,1.018
r1_town05_ins_c#veh1,Town05,low,supermarket,True,1,supermarket,,,1,1,1,1.018
r2_town05_ins_c#veh0,Town05,low,bakery,False,1,bakery,,,1,1,1,0.0
r2_town05_ins_c#veh1,Town05,med,bus_stop,False,1,bus_stop,,,1,1,1,1.0
r3_town05_ins_c#veh0,Town05,low,supermarket,True,1,supermarket,,,1,1,1,0.0
r3_town05_ins_c#veh1,Town05,high,bakery,False,1,bakery,,,1,1,1,0.0
r4_town06_ins_c#veh0,Town06,low,house,True,1,house,,,1,1,1,0.0
r4_town06_ins_c#veh1,Town06,high,hospital,True,1,hospital,factory,factory,1,1,1,0.0
r5_town06_ins_c#veh0,Town06,low,factory,False,1,factory,,,1,1,1,0.0
r5_town06_ins_c#veh1,Town06,med,parking,True,1,parking,farm,farm,1,1,1,0.0
r6_town07_ins_c#veh0,Town07,low,house,True,1,house,bus_stop,bus_stop,1,1,1,0.0
r6_town07_ins_c#veh1,Town07,high,hospital,True,1,hospital,farm|bus_stop,farm|bus_stop,1,1,1,0.0
r7_town05_ins_ss#veh0,Town05,low,bakery,False,1,bakery,,,1,1,1,0.0
r7_town05_ins_ss#veh1,Town05,high,hospital,True,1,hospital,,,1,1,1,0.0
r8_town05_ins_ss#veh0,Town05,med,factory,False,1,factory,,,1,1,1,1.0
r8_town05_ins_ss#veh1,Town05,high,hospital,True,1,hospital,bakery,bakery,1,1,1,0.0
r9_town06_ins_ss#veh0,Town06,low,factory,False,1,factory,,,1,1,1,1.0
r9_town06_ins_ss#veh1,Town06,high,farm,False,1,farm,,,1,1,1,0.0
r9_town06_ins_ss#veh2,Town06,med,factory,False,1,factory,house,house,1,1,1,1.0
r10_town07_ins_ss#veh0,Town07,low,house,True,1,house,lake,lake,1,1,1,0.0
r10_town07_ins_ss#veh1,Town07,med,bus_stop,False,1,bus_stop,,,1,1,1,1.0
r10_town07_ins_ss#veh2,Town07,med,farm,False,1,farm,,,1,1,1,0.0
r11_town05_ins_sl#veh0,Town05,med,bakery,False,1,bakery,cafe,cafe,1,1,1,0.0
r11_town05_ins_sl#veh1,Town05,low,bus_stop,False,1,bus_stop,,,1,1,1,1.0
r11_town05_ins_sl#veh2,Town05,high,bus_stop,False,1,bus_stop,,,1,1,1,1.0
r12_town06_ins_sl#veh0,Town06,low,library,True,1,library,farm,farm,1,1,1,0.0
r12_town06_ins_sl#veh1,Town06,high,factory,False,1,factory,,,1,1,1,0.0
r12_town06_ins_sl#veh2,Town06,med,cinema,True,1,cinema,,,1,1,1,0.0
r13_town05_ins_sl#veh0,Town05,med,bakery,False,1,bakery,,,1,1,1,1.0
r13_town05_ins_sl#veh1,Town05,high,gas_station,False,1,gas_station,,,1,1,1,0.0
r14_town07_ins_sl#veh0,Town07,low,house,True,1,house,,,1,1,1,0.0
r14_town07_ins_sl#veh1,Town07,high,hospital,True,1,hospital,,,1,1,1,0.0
r14_town07_ins_sl#veh2,Town07,med,bus_stop,False,1,bus_stop,,,1,1,1,0.0
r15_town07_ins_sl#veh0,Town07,low,bus_stop,False,1,bus_stop,,,1,1,1,0.0
r15_town07_ins_sl#veh1,Town07,high,hospital,True,1,hospital,,,1,1,1,0.0
r15_town07_ins_sl#veh2,Town07,med,bus_stop,False,1,bus_stop,,,1,1,1,0.0
r16_town05_ins_sl#veh0,Town05,med,bus_stop,False,1,bus_stop,,,1,1,1,1.0
r16_town05_ins_sl#veh1,Town05,high,bakery,False,1,bakery,,,1,1,1,0.0
r16_town05_ins_sl#veh2,Town05,low,bus_stop,False,1,bus_stop,,,1,1,1,1.0
r17_town05_ins_sr#veh0,Town05,med,store,False,1,store,,,1,1,1,1.0
r17_town05_ins_sr#veh1,Town05,high,hospital,True,1,hospital,,,1,1,1,1.0
r17_town05_ins_sr#veh2,Town05,low,house,True,1,house,,,1,1,1,1.0
r18_town05_ins_sr#veh0,Town05,low,bus_stop,False,1,bus_stop,,,1,1,1,0.0
r18_town05_ins_sr#veh1,Town05,high,bakery,False,1,bakery,,,1,1,1,0.0
r18_town05_ins_sr#veh2,Town05,med,store,True,1,store,,,1,1,1,0.0
r19_town05_ins_sr#veh0,Town05,med,house,True,1,house,,,1,1,1,1.0
r19_town05_ins_sr#veh1,Town05,high,hospital,True,1,hospital,,,1,1,1,0.0
r20_town06_ins_sr#veh0,Town06,low,farm,False,1,farm,,,1,1,1,1.0
r20_town06_ins_sr#veh1,Town06,med,factory,False,1,factory,,,1,1,1,0.0
r20_town06_ins_sr#veh2,Town06,med,house,False,1,house,factory,factory,1,1,1,1.0
r21_town07_ins_sr#veh0,Town07,med,bus_stop,False,1,bus_stop,,,1,1,1,0.0
r21_town07_ins_sr#veh1,Town07,high,hospital,True,1,hospital,,,1,1,1,1.0
r21_town07_ins_sr#veh2,Town07,low,bus_stop,False,1,bus_stop,,,1,1,1,0.0
r22_town07_ins_sr#veh0,Town07,low,bus_stop,False,1,bus_stop,,,1,1,1,0.0
r22_town07_ins_sr#veh1,Town07,med,parking,False,1,parking,,,1,1,1,0.803
r22_town07_ins_sr#veh2,Town07,med,bus_stop,False,1,bus_stop,,,1,1,1,0.0
r23_town05_ins_oppo#veh0,Town05,med,bakery,False,1,bakery,,,1,1,1,0.0
r23_town05_ins_oppo#veh1,Town05,low,cafe,True,1,cafe,,,1,1,1,0.0
r23_town05_ins_oppo#veh2,Town05,high,bakery,False,1,bakery,,,1,1,1,0.0
r24_town05_ins_rl#veh0,Town05,med,parking,True,1,parking,,,1,1,1,0.0
r24_town05_ins_rl#veh1,Town05,high,hospital,True,1,hospital,,,1,1,1,0.0
r24_town05_ins_rl#veh2,Town05,low,bakery,False,1,bakery,,,1,1,1,0.0
r25_town05_ins_crosschange#veh0,Town05,med,bakery,False,1,bakery,,,1,1,1,0.0
r25_town05_ins_crosschange#veh1,Town05,low,cafe,True,1,cafe,,,1,1,1,0.0
r25_town05_ins_crosschange#veh2,Town05,high,house,True,1,house,,,1,1,1,0.0
r26_town05_ins_chaos#veh0,Town05,low,bakery,False,1,bakery,,,1,1,1,0.0
r26_town05_ins_chaos#veh1,Town05,med,bus_stop,False,1,bus_stop,,,1,1,1,0.0
r26_town05_ins_chaos#veh2,Town05,med,house,True,1,house,,,1,1,1,0.0
r26_town05_ins_chaos#veh3,Town05,low,park,True,1,park,,,1,1,1,0.0
r26_town05_ins_chaos#veh4,Town05,med,cafe,False,1,cafe,,,1,1,1,0.0
r26_town05_ins_chaos#veh5,Town05,med,store,True,1,store,,,1,1,1,0.0
r27_town06_hw_merge#veh0,Town06,med,farm,False,1,farm,,,1,1,1,0.0
r27_town06_hw_merge#veh1,Town06,med,house,False,1,house,,,1,1,1,0.0
r27_town06_hw_merge#veh2,Town06,med,university,False,1,university,,,1,1,1,0.0
r28_town06_hw_c#veh0,Town06,med,factory,False,1,factory,,,1,1,1,1.0
r28_town06_hw_c#veh1,Town06,low,farm,False,1,farm,,,1,1,1,1.0
r28_town06_hw_c#veh2,Town06,high,hospital,True,1,hospital,,,1,1,1,0.0
r28_town06_hw_c#veh3,Town06,med,warehouse,False,1,warehouse,,,1,1,1,0.0
r28_town06_hw_c#veh4,Town06,low,woods,False,1,woods,,,1,1,1,1.0
r28_town06_hw_c#veh5,Town06,med,bakery,False,1,bakery,,,1,1,1,0.0
r29_town06_hw_merge#veh0,Town06,med,farm,False,1,farm,,,1,1,1,0.0
r29_town06_hw_merge#veh1,Town06,low,house,True,1,house,,,1,1,1,0.0
r29_town06_hw_merge#veh2,Town06,high,hospital,True,1,hospital,,,1,1,1,0.0
r29_town06_hw_merge#veh3,Town06,high,farm,False,1,farm,,,1,1,1,0.0
r30_town06_hw_merge#veh0,Town06,low,farm,False,1,farm,,,1,1,1,0.0
r30_town06_hw_merge#veh1,Town06,med,train_station,True,1,train_station,,,1,1,1,0.0
r30_town06_hw_merge#veh2,Town06,high,farm,False,1,farm,,,1,1,1,0.0
r30_town06_hw_merge#veh3,Town06,high,hospital,True,1,hospital,,,1,1,1,0.0
r31_town05_ins_oppo#veh0,Town05,high,bus_stop,False,1,bus_stop,,,1,1,1,0.0
r31_town05_ins_oppo#veh1,Town05,low,store,True,1,store,,,1,1,1,0.0
r31_town05_ins_oppo#veh2,Town05,med,bakery,False,1,bakery,,,1,1,1,0.0
r31_town05_ins_oppo#veh3,Town05,high,bakery,False,1,bakery,,,1,1,1,0.0
r32_town05_ins_oppo#veh0,Town05,low,bus_stop,False,1,bus_stop,,,1,1,1,0.0
r32_town05_ins_oppo#veh1,Town05,high,hospital,True,1,hospital,,,1,1,1,0.0
r32_town05_ins_oppo#veh2,Town05,med,bakery,False,1,bakery,,,1,1,1,0.0
r32_town05_ins_oppo#veh3,Town05,low,park,True,1,park,,,1,1,1,0.0
r33_town05_ins_rl#veh0,Town05,high,hospital,True,1,hospital,,,1,1,1,0.0
r33_town05_ins_rl#veh1,Town05,low,store,True,1,store,,,1,1,1,0.0
r33_town05_ins_rl#veh2,Town05,med,bakery,False,1,bakery,,,1,1,1,0.0
r33_town05_ins_rl#veh3,Town05,high,house,True,1,house,,,1,1,1,0.0
r34_town05_ins_rl#veh0,Town05,high,house,False,1,house,,,1,1,1,0.0
r34_town05_ins_rl#veh1,Town05,low,bakery,False,1,bakery,,,1,1,1,0.0
r34_town05_ins_rl#veh2,Town05,med,cinema,False,1,cinema,,,1,1,1,0.0
r34_town05_ins_rl#veh3,Town05,high,hospital,True,1,hospital,,,1,1,1,0.0
r35_town05_ins_crosschange#veh0,Town05,high,hospital,True,1,hospital,,,1,1,1,0.0
r35_town05_ins_crosschange#veh1,Town05,low,bus_stop,False,1,bus_stop,,,1,1,1,0.0
r35_town05_ins_crosschange#veh2,Town05,med,bakery,False,1,bakery,,,1,1,1,0.0
r35_town05_ins_crosschange#veh3,Town05,high,gas_station,False,1,gas_station,,,1,1,1,0.0
r36_town05_ins_crosschange#veh0,Town05,high,house,True,1,house,,,1,1,1,0.0
r36_town05_ins_crosschange#veh1,Town05,low,restaurant,True,1,restaurant,,,1,1,1,0.0
r36_town05_ins_crosschange#veh2,Town05,med,bakery,False,1,bakery,,,1,1,1,0.0
r36_town05_ins_crosschange#veh3,Town05,low,bakery,False,1,bakery,,,1,1,1,0.0
r37_town05_ins_chaos#veh0,Town05,high,hotel,False,1,hotel,,,1,1,1,0.0
r37_town05_ins_chaos#veh1,Town05,low,cafe,True,1,cafe,,,1,1,1,0.0
r37_town05_ins_chaos#veh2,Town05,high,bakery,False,1,bakery,,,1,1,1,0.0
r37_town05_ins_chaos#veh3,Town05,med,bus_stop,False,1,bus_stop,,,1,1,1,0.0
r37_town05_ins_chaos#veh4,Town05,low,bus_stop,False,1,bus_stop,,,1,1,1,0.0
r37_town05_ins_chaos#veh5,Town05,high,hospital,True,1,hospital,,,1,1,1,0.0
r37_town05_ins_chaos#veh6,Town05,med,cafe,False,1,cafe,,,1,1,1,0.0
r37_town05_ins_chaos#veh7,Town05,low,cinema,False,1,cinema,,,1,1,1,0.0
r38_town05_ins_chaos#veh0,Town05,low,store,True,1,store,,,1,1,1,0.0
r38_town05_ins_chaos#veh1,Town05,med,factory,False,1,factory,,,1,1,1,0.0
r38_town05_ins_chaos#veh2,Town05,high,house,False,1,house,,,1,1,1,0.0
r38_town05_ins_chaos#veh3,Town05,low,bakery,False,1,bakery,,,1,1,1,0.0
r38_town05_ins_chaos#veh4,Town05,med,bakery,False,1,bakery,,,1,1,1,0.0
r38_town05_ins_chaos#veh5,Town05,med,bus_stop,False,1,bus_stop,,,1,1,1,0.0
r38_town05_ins_chaos#veh6,Town05,high,bakery,False,1,bakery,,,1,1,1,0.0
r38_town05_ins_chaos#veh7,Town05,low,restaurant,True,1,restaurant,,,1,1,1,0.0
r39_town06_hw_c#veh0,Town06,low,factory,False,1,factory,,,1,1,1,0.0
r39_town06_hw_c#veh1,Town06,med,farm,False,1,farm,,,1,1,1,0.0
r39_town06_hw_c#veh2,Town06,high,hospital,True,1,hospital,,,1,1,1,0.0
r39_town06_hw_c#veh3,Town06,low,house,False,1,house,,,1,1,1,0.0
r39_town06_hw_c#veh4,Town06,med,university,False,1,university,,,1,1,1,0.0
r39_town06_hw_c#veh5,Town06,med,hospital,True,1,hospital,,,1,1,1,0.0
r39_town06_hw_c#veh6,Town06,low,warehouse,False,1,warehouse,,,1,1,1,0.0
r39_town06_hw_c#veh7,Town06,high,warehouse,False,1,warehouse,,,1,1,1,0.0
r40_town06_hw_c#veh0,Town06,med,factory,True,1,factory,,,1,1,1,0.0
r40_town06_hw_c#veh1,Town06,low,factory,False,1,factory,,,1,1,1,0.0
r40_town06_hw_c#veh2,Town06,med,farm,False,1,farm,,,1,1,1,0.0
r40_town06_hw_c#veh3,Town06,low,house,False,1,house,,,1,1,1,0.0
r40_town06_hw_c#veh4,Town06,high,hospital,True,1,hospital,,,1,1,1,0.0
r40_town06_hw_c#veh5,Town06,med,train_station,True,1,train_station,,,1,1,1,0.0
r40_town06_hw_c#veh6,Town06,low,farm,False,1,farm,,,1,1,1,0.0
r40_town06_hw_c#veh7,Town06,med,university,False,1,university,,,1,1,1,0.0
r41_town05_ins_oppo#veh0,Town05,low,bakery,False,1,bakery,,,1,1,1,0.0
r41_town05_ins_oppo#veh1,Town05,med,factory,False,1,factory,,,1,1,1,0.0
r41_town05_ins_oppo#veh2,Town05,high,house,True,1,house,,,1,1,1,0.0
r41_town05_ins_oppo#veh3,Town05,low,restaurant,True,1,restaurant,,,1,1,1,0.0
r42_town05_ins_rl#veh0,Town05,low,restaurant,True,1,restaurant,,,1,1,1,0.0
r42_town05_ins_rl#veh1,Town05,med,bakery,False,1,bakery,,,1,1,1,0.0
r42_town05_ins_rl#veh2,Town05,high,hospital,True,1,hospital,,,1,1,1,0.0
r42_town05_ins_rl#veh3,Town05,low,bakery,False,1,bakery,,,1,1,1,0.0
r43_town05_ins_crosschange#veh0,Town05,low,bakery,False,1,bakery,,,1,1,1,0.0
r43_town05_ins_crosschange#veh1,Town05,med,bus_stop,False,1,bus_stop,,,1,1,1,0.0
r43_town05_ins_crosschange#veh2,Town05,med,cafe,False,1,cafe,,,1,1,1,0.0
r43_town05_ins_crosschange#veh3,Town05,low,bus_stop,False,1,bus_stop,,,1,1,1,0.0
r44_town05_ins_chaos#veh0,Town05,med,parking,False,1,parking,,,1,1,1,0.0
r44_town05_ins_chaos#veh1,Town05,high,hospital,True,1,hospital,,,1,1,1,0.0
r44_town05_ins_chaos#veh2,Town05,low,bakery,False,1,bakery,,,1,1,1,0.0
r44_town05_ins_chaos#veh3,Town05,high,gas_station,False,1,gas_station,,,1,1,1,0.0
r44_town05_ins_chaos#veh4,Town05,low,bus_stop,False,1,bus_stop,,,1,1,1,0.0
r44_town05_ins_chaos#veh5,Town05,med,bakery,False,1,bakery,,,1,1,1,0.0
r44_town05_ins_chaos#veh6,Town05,high,cafe,False,1,cafe,,,1,1,1,0.0
r44_town05_ins_chaos#veh7,Town05,low,cinema,False,1,cinema,,,1,1,1,0.0
r45_town06_hw_merge#veh0,Town06,low,farm,False,1,farm,,,1,1,1,0.0
r45_town06_hw_merge#veh1,Town06,high,farm,False,1,farm,,,1,1,1,0.0
r45_town06_hw_merge#veh2,Town06,med,parking,False,1,parking,,,1,1,1,0.0
r45_town06_hw_merge#veh3,Town06,high,parking,False,1,parking,,,1,1,1,0.0
r46_town06_hw_c#veh0,Town06,low,factory,False,1,factory,,,1,1,1,1.0
r46_town06_hw_c#veh1,Town06,med,university,False,1,university,house,house,1,1,1,1.0
r46_town06_hw_c#veh2,Town06,high,farm,False,1,farm,,,1,1,1,0.0
r46_town06_hw_c#veh3,Town06,high,warehouse,False,1,warehouse,,,1,1,1,0.0
r46_town06_hw_c#veh4,Town06,low,woods,False,1,woods,,,1,1,1,1.0
r46_town06_hw_c#veh5,Town06,med,farm,False,1,farm,,,1,1,1,0.0
r46_town06_hw_c#veh6,Town06,high,factory,False,1,factory,,,1,1,1,1.0
